Topic,DataValue
Alcohol,14.26340206185567
Asthma,1.1871621621621622
Cancer,110.42637362637362
Cardiovascular Disease,88.92916876574307
Chronic Kidney Disease,2702.1971153846152
Chronic Obstructive Pulmonary Disease,111.39127226463104
Diabetes,51.72273972602739
